pm2_5,pm10,temperature_2m,relative_humidity_2m,wind_speed_10m,hour,day_of_week,pm2_5_lag_1,pm2_5_lag_3,pm2_5_rolling_mean_6
119.0,1043.1,35.8,11,7.0,9,5,99.7,65.2,73.8
128.1,1177.2,37.6,10,8.2,10,5,119.0,91.7,81.68333333333334
141.6,1329.9,39.1,9,9.0,11,5,128.1,99.7,93.36666666666667
150.4,1419.3,40.0,8,11.1,12,5,141.6,119.0,107.55
155.1,1460.3,40.7,8,12.3,13,5,150.4,128.1,121.75
160.7,1505.0,40.9,7,14.3,14,5,155.1,141.6,132.3166666666667
139.7,1352.3,41.2,7,15.0,15,5,160.7,150.4,142.48333333333332
155.5,1478.9,40.8,7,15.7,16,5,139.7,155.1,145.9333333333333
159.7,1490.1,40.1,8,14.8,17,5,155.5,160.7,150.5
164.4,1512.5,39.3,8,15.3,18,5,159.7,139.7,153.51666666666668
170.0,1441.7,38.2,9,14.0,19,5,164.4,155.5,155.85
151.8,1255.4,37.5,10,12.3,20,5,170.0,159.7,158.33333333333334
133.6,1054.3,37.0,9,11.3,21,5,151.8,164.4,156.85
122.0,929.5,35.9,10,9.7,22,5,133.6,170.0,155.83333333333334
121.1,940.6,34.8,10,8.6,23,5,122.0,151.8,150.25
129.0,1035.6,33.7,11,7.9,0,6,121.1,133.6,143.81666666666666
136.0,1117.6,32.6,12,7.3,1,6,129.0,122.0,137.91666666666666
144.4,1207.0,31.6,12,7.8,2,6,136.0,121.1,132.25
96.6,733.9,31.4,14,5.7,3,6,144.4,129.0,131.01666666666665
93.1,717.1,30.6,14,6.1,4,6,96.6,136.0,124.85000000000001
97.6,760.0,29.9,15,6.1,5,6,93.1,144.4,120.03333333333332
116.2,933.2,29.8,15,6.9,6,6,97.6,96.6,116.11666666666667
142.5,1113.9,31.1,14,5.6,7,6,116.2,93.1,113.98333333333333
140.2,1125.0,33.4,13,6.5,8,6,142.5,97.6,115.06666666666668
160.7,1367.2,35.8,12,9.8,9,6,140.2,116.2,114.36666666666666
167.6,1486.4,37.5,11,13.7,10,6,160.7,142.5,125.05
170.9,1523.6,38.6,9,12.8,11,6,167.6,140.2,137.46666666666667
165.8,1482.7,39.6,9,12.7,12,6,170.9,160.7,149.6833333333333
158.3,1426.8,40.4,8,12.7,13,6,165.8,167.6,157.95000000000002
148.1,1315.0,40.9,8,12.0,14,6,158.3,170.9,160.58333333333334
106.6,972.3,41.2,7,10.3,15,6,148.1,165.8,161.9
108.5,998.4,41.0,7,10.3,16,6,106.6,158.3,152.88333333333335
108.0,994.7,40.5,8,10.5,17,6,108.5,148.1,143.03333333333333
112.9,1031.9,39.8,8,10.6,18,6,108.0,106.6,132.54999999999998
125.7,1054.3,38.9,8,9.6,19,6,112.9,108.5,123.73333333333333
108.7,773.0,38.0,9,9.8,20,6,125.7,108.0,118.3
98.0,637.0,37.5,9,9.4,21,6,108.7,112.9,111.73333333333335
92.2,579.3,36.3,10,9.0,22,6,98.0,125.7,110.3
88.2,547.6,35.2,11,7.9,23,6,92.2,108.7,107.58333333333333
90.6,590.5,34.1,12,7.4,0,0,88.2,98.0,104.28333333333335
95.5,661.2,33.1,13,7.2,1,0,90.6,92.2,100.56666666666668
101.0,737.6,32.2,14,7.1,2,0,95.5,88.2,95.53333333333335
103.6,756.2,32.3,14,6.0,3,0,101.0,90.6,94.25
104.8,795.3,31.3,15,6.9,4,0,103.6,95.5,95.18333333333334
98.0,724.6,30.6,15,6.8,5,0,104.8,101.0,97.28333333333335
97.8,715.3,30.6,15,6.2,6,0,98.0,103.6,98.91666666666667
111.3,797.2,32.3,13,5.5,7,0,97.8,104.8,100.11666666666667
108.5,821.4,35.2,11,5.1,8,0,111.3,98.0,102.75
112.0,961.1,38.2,8,6.9,9,0,108.5,97.8,104.0
104.8,976.0,39.7,7,7.5,10,0,112.0,111.3,105.39999999999999
108.3,1013.3,40.7,6,7.3,11,0,104.8,108.5,105.39999999999999
105.5,979.8,41.5,6,7.0,12,0,108.3,112.0,107.11666666666667
101.7,936.9,42.2,5,6.7,13,0,105.5,104.8,108.40000000000002
97.6,892.2,42.5,5,6.7,14,0,101.7,108.3,106.8
68.7,609.1,42.9,5,7.2,15,0,97.6,105.5,104.98333333333333
59.8,506.6,42.7,5,7.2,16,0,68.7,101.7,97.76666666666667
55.4,458.2,42.2,6,7.4,17,0,59.8,97.6,90.26666666666667
49.7,385.6,41.5,6,8.1,18,0,55.4,68.7,81.45
50.2,296.2,40.5,6,7.3,19,0,49.7,59.8,72.15
52.5,283.1,39.7,7,6.5,20,0,50.2,55.4,63.56666666666667
53.4,264.5,39.9,11,2.3,21,0,52.5,49.7,56.050000000000004
54.1,244.9,38.5,11,1.5,22,0,53.4,50.2,53.5
54.6,227.2,37.3,11,3.1,23,0,54.1,52.5,52.550000000000004
53.4,209.1,36.1,10,3.7,0,1,54.6,53.4,52.416666666666664
50.4,185.8,34.5,10,5.8,1,1,53.4,54.1,53.03333333333333
46.7,163.0,33.6,11,5.6,2,1,50.4,54.6,53.06666666666666
53.1,170.0,33.4,11,6.1,3,1,46.7,53.4,52.1
48.2,161.6,32.9,11,6.1,4,1,53.1,50.4,52.050000000000004
45.5,159.3,32.3,12,5.7,5,1,48.2,46.7,51.06666666666666
58.8,319.4,32.2,12,6.3,6,1,45.5,53.1,49.550000000000004
98.5,745.1,33.5,12,6.2,7,1,58.8,48.2,50.449999999999996
114.6,873.6,35.7,10,6.4,8,1,98.5,45.5,58.46666666666667
133.2,1106.4,38.1,9,7.2,9,1,114.6,58.8,69.78333333333335
150.9,1255.4,40.4,8,8.1,10,1,133.2,98.5,83.13333333333333
144.4,1173.5,42.2,8,8.8,11,1,150.9,114.6,100.25
124.8,1002.1,43.5,7,7.4,12,1,144.4,133.2,116.73333333333333
108.7,862.4,44.4,7,6.3,13,1,124.8,150.9,127.73333333333333
95.7,752.5,44.9,6,6.2,14,1,108.7,144.4,129.43333333333334
92.4,761.8,44.5,6,8.2,15,1,95.7,124.8,126.28333333333335
84.5,702.2,44.7,6,8.7,16,1,92.4,108.7,119.48333333333333
81.3,683.6,44.2,6,9.0,17,1,84.5,95.7,108.41666666666667
84.5,722.7,43.6,6,9.0,18,1,81.3,92.4,97.90000000000002
87.1,627.7,42.6,7,6.9,19,1,84.5,84.5,91.18333333333334
73.3,428.4,41.7,8,3.3,20,1,87.1,81.3,87.58333333333333
71.7,415.4,40.8,8,5.9,21,1,73.3,84.5,83.85
80.6,527.1,39.6,8,7.0,22,1,71.7,87.1,80.39999999999999
95.2,689.2,38.6,8,8.5,23,1,80.6,73.3,79.75
113.4,879.2,37.7,8,8.8,0,2,95.2,71.7,82.06666666666666
134.6,1076.6,36.7,8,9.3,1,2,113.4,80.6,86.88333333333333
150.4,1203.3,35.6,9,8.9,2,2,134.6,95.2,94.8
195.1,1527.4,35.3,10,8.6,3,2,150.4,113.4,107.64999999999999
184.4,1456.6,34.6,11,8.0,4,2,195.1,134.6,128.21666666666667
183.9,1452.9,34.1,11,8.0,5,2,184.4,150.4,145.51666666666668
182.5,1430.5,34.0,11,8.1,6,2,183.9,195.1,160.29999999999998
168.6,1329.9,34.8,11,6.2,7,2,182.5,184.4,171.8166666666667
145.3,1028.2,36.2,10,5.8,8,2,168.6,183.9,177.48333333333335
126.2,949.9,38.5,10,6.9,9,2,145.3,182.5,176.63333333333333
124.3,1002.1,40.2,9,7.0,10,2,126.2,168.6,165.15
110.8,957.4,42.0,8,8.2,11,2,124.3,145.3,155.13333333333335
111.8,1013.3,44.0,6,10.8,12,2,110.8,126.2,142.95000000000002
118.0,1110.1,44.7,6,12.8,13,2,111.8,124.3,131.16666666666666
122.0,1154.8,45.2,6,12.8,14,2,118.0,110.8,122.73333333333335
133.2,1262.9,45.2,6,14.6,15,2,122.0,111.8,118.84999999999998
128.5,1214.4,44.8,6,14.0,16,2,133.2,118.0,120.01666666666667
127.1,1199.5,44.3,6,14.8,17,2,128.5,122.0,120.71666666666665
130.9,1180.9,43.4,6,15.7,18,2,127.1,133.2,123.43333333333334
136.0,1143.7,42.5,7,13.6,19,2,130.9,128.5,126.61666666666666
106.9,756.2,41.5,7,8.1,20,2,136.0,127.1,129.61666666666667
84.8,529.0,40.3,8,6.6,21,2,106.9,130.9,127.10000000000001
74.0,452.6,39.1,10,4.7,22,2,84.8,136.0,119.03333333333335
65.2,390.2,38.2,10,4.8,23,2,74.0,106.9,109.95
60.1,364.1,37.3,11,5.8,0,3,65.2,84.8,99.63333333333333
56.0,338.1,36.7,11,4.6,1,3,60.1,74.0,87.83333333333333
45.5,240.3,36.0,16,1.9,2,3,56.0,65.2,74.5
53.9,232.4,35.4,14,4.4,3,3,45.5,60.1,64.26666666666667
57.7,247.7,34.6,13,4.2,4,3,53.9,56.0,59.116666666666674
61.0,262.6,34.1,17,2.2,5,3,57.7,45.5,56.400000000000006
64.3,273.8,33.7,14,3.3,6,3,61.0,53.9,55.70000000000001
70.3,299.9,34.9,12,4.1,7,3,64.3,57.7,56.4
72.9,276.6,37.4,10,1.6,8,3,70.3,61.0,58.78333333333333
78.0,356.7,40.0,9,0.3,9,3,72.9,64.3,63.35
73.8,395.8,42.0,8,4.3,10,3,78.0,70.3,67.36666666666667
66.8,402.3,43.1,8,6.6,11,3,73.8,72.9,70.05
65.0,419.1,43.8,7,6.9,12,3,66.8,78.0,71.01666666666667
62.6,418.2,44.4,7,7.3,13,3,65.0,73.8,71.13333333333333
65.4,476.8,44.9,7,7.0,14,3,62.6,66.8,69.85000000000001
92.7,869.9,45.0,7,8.7,15,3,65.4,65.0,68.60000000000001
95.0,897.8,44.5,7,9.9,16,3,92.7,62.6,71.05
103.6,976.0,44.1,7,11.2,17,3,95.0,65.4,74.58333333333333
111.5,1039.4,43.5,7,12.3,18,3,103.6,92.7,80.71666666666667
132.2,1169.7,42.3,7,14.3,19,3,111.5,95.0,88.46666666666668
129.9,1087.8,41.4,8,8.1,20,3,132.2,103.6,100.06666666666666
123.9,1009.6,40.8,8,8.3,21,3,129.9,111.5,110.81666666666666
111.1,862.4,39.5,9,7.9,22,3,123.9,132.2,116.01666666666665
89.9,629.6,38.7,10,5.9,23,3,111.1,129.9,118.69999999999999
65.0,371.6,38.6,10,4.9,0,4,89.9,123.9,116.41666666666667
48.9,234.7,37.8,10,6.1,1,4,65.0,111.1,108.66666666666667
39.3,167.6,36.6,12,4.2,2,4,48.9,89.9,94.78333333333335
43.1,147.6,36.2,13,3.5,3,4,39.3,65.0,79.68333333333334
40.6,134.6,34.7,15,0.4,4,4,43.1,48.9,66.21666666666667
40.0,128.5,33.4,19,1.7,5,4,40.6,39.3,54.46666666666667
41.1,127.1,32.9,17,2.9,6,4,40.0,43.1,46.15
43.2,129.9,34.6,13,2.3,7,4,41.1,40.6,42.166666666666664
45.4,151.3,37.6,11,1.5,8,4,43.2,40.0,41.21666666666667
57.4,285.9,39.8,9,1.0,9,4,45.4,41.1,42.233333333333334
57.3,333.4,41.9,8,1.2,10,4,57.4,43.2,44.616666666666674
48.1,271.0,43.2,7,4.0,11,4,57.3,45.4,47.4
48.3,295.2,44.1,6,8.0,12,4,48.1,57.4,48.75
54.5,389.3,44.5,6,10.1,13,4,48.3,57.3,49.949999999999996
63.8,512.2,44.8,6,8.8,14,4,54.5,48.1,51.833333333333336
109.7,1080.3,45.0,6,12.8,15,4,63.8,48.3,54.9
111.3,1084.1,44.2,6,14.4,16,4,109.7,54.5,63.61666666666667
128.1,1262.9,43.9,6,13.3,17,4,111.3,63.8,72.61666666666666
148.1,1426.8,43.4,6,12.3,18,4,128.1,109.7,85.95
168.6,1486.4,42.4,7,9.7,19,4,148.1,111.3,102.58333333333333
166.2,1438.0,41.1,7,9.3,20,4,168.6,128.1,121.59999999999998
149.5,1266.6,40.2,7,7.1,21,4,166.2,148.1,138.66666666666666
122.0,972.3,39.1,9,4.1,22,4,149.5,168.6,145.29999999999998
86.8,607.2,38.1,8,6.9,23,4,122.0,166.2,147.08333333333334
62.2,379.0,37.0,9,5.8,0,5,86.8,149.5,140.2
55.1,322.2,36.2,10,5.9,1,5,62.2,122.0,125.88333333333333
51.8,268.2,35.5,11,3.8,2,5,55.1,86.8,106.96666666666668
57.4,268.2,35.2,11,4.0,3,5,51.8,62.2,87.89999999999999
54.0,224.9,34.4,12,4.8,4,5,57.4,55.1,72.55
52.9,204.9,33.8,15,3.5,5,5,54.0,51.8,61.21666666666667
53.3,194.2,33.6,17,1.8,6,5,52.9,57.4,55.56666666666666
56.2,190.5,34.7,11,2.3,7,5,53.3,54.0,54.083333333333336
52.7,143.4,37.0,10,1.4,8,5,56.2,52.9,54.26666666666666
50.1,170.0,39.2,10,3.1,9,5,52.7,53.3,54.416666666666664
42.5,163.4,41.3,8,0.8,10,5,50.1,56.2,53.199999999999996
50.5,366.0,42.9,7,4.7,11,5,42.5,52.7,51.28333333333333
89.2,825.2,44.0,6,10.9,12,5,50.5,50.1,50.88333333333333
116.2,1110.1,44.6,6,10.7,13,5,89.2,42.5,56.86666666666667
134.1,1285.2,45.1,6,15.9,14,5,116.2,50.5,66.86666666666667
120.6,1177.2,44.4,6,15.4,15,5,134.1,89.2,80.43333333333334
120.1,1147.4,44.1,6,13.4,16,5,120.6,116.2,92.18333333333334
124.8,1184.6,43.6,7,13.9,17,5,120.1,134.1,105.11666666666667
135.0,1259.1,42.6,7,13.8,18,5,124.8,120.6,117.5
153.7,1344.8,41.7,8,10.7,19,5,135.0,120.1,125.13333333333333
139.2,1177.2,41.0,8,9.5,20,5,153.7,124.8,131.38333333333333
113.2,892.2,40.2,9,10.7,21,5,139.2,135.0,132.23333333333332
78.5,523.4,39.0,9,7.8,22,5,113.2,153.7,131.0
55.3,304.5,38.0,11,4.0,23,5,78.5,139.2,124.06666666666668
48.2,245.9,37.3,15,1.8,0,6,55.3,113.2,112.48333333333333
45.5,218.4,36.2,16,1.3,1,6,48.2,78.5,98.01666666666667
44.5,205.8,35.3,17,0.7,2,6,45.5,55.3,79.98333333333333
42.1,177.9,35.1,18,0.9,3,6,44.5,48.2,64.2
42.4,173.7,33.9,14,4.4,4,6,42.1,45.5,52.35
43.9,175.1,33.1,19,3.4,5,6,42.4,44.5,46.333333333333336
46.6,177.0,32.4,16,2.1,6,6,43.9,42.1,44.43333333333334
53.2,163.9,33.7,14,3.7,7,6,46.6,42.4,44.166666666666664
52.4,178.3,36.6,12,2.0,8,6,53.2,43.9,45.45000000000001
51.5,238.0,39.6,10,1.8,9,6,52.4,46.6,46.76666666666667
64.0,497.3,41.6,9,7.0,10,6,51.5,53.2,48.333333333333336
96.6,875.4,43.0,8,11.1,11,6,64.0,52.4,51.93333333333334
126.7,1180.9,44.1,7,12.6,12,6,96.6,51.5,60.71666666666666
154.1,1441.7,44.9,7,17.8,13,6,126.7,64.0,74.06666666666668
181.1,1668.9,45.1,6,18.0,14,6,154.1,96.6,90.88333333333333
223.5,2026.6,45.2,6,19.6,15,6,181.1,126.7,112.33333333333333
233.8,2101.1,44.8,6,18.9,16,6,223.5,154.1,141.0
232.8,2071.3,44.2,6,18.5,17,6,233.8,181.1,169.29999999999998
236.6,2056.4,43.5,6,17.6,18,6,232.8,223.5,192.0
210.9,1691.3,42.4,7,13.7,19,6,236.6,233.8,210.31666666666663
164.4,1244.2,41.5,7,9.4,20,6,210.9,232.8,219.78333333333333
112.0,659.4,40.5,8,7.8,21,6,164.4,236.6,217.0
87.8,440.5,39.3,9,6.5,22,6,112.0,210.9,198.41666666666666
78.2,366.9,38.4,10,6.6,23,6,87.8,164.4,174.08333333333334
74.0,332.5,37.2,11,4.7,0,0,78.2,112.0,148.31666666666666
70.1,302.7,36.2,12,5.2,1,0,74.0,87.8,121.21666666666665
62.4,250.5,35.1,13,5.8,2,0,70.1,78.2,97.75
64.7,250.5,34.9,13,5.9,3,0,62.4,74.0,80.75
74.5,401.4,33.8,14,6.8,4,0,64.7,70.1,72.86666666666666
92.4,612.8,33.3,14,6.8,5,0,74.5,62.4,70.64999999999999
108.3,780.4,33.4,14,6.8,6,0,92.4,64.7,73.01666666666667
116.4,868.0,34.9,13,5.0,7,0,108.3,74.5,78.73333333333333
110.6,787.9,37.2,11,4.9,8,0,116.4,92.4,86.44999999999999
113.4,914.6,39.1,11,7.2,9,0,110.6,108.3,94.48333333333333
135.5,1166.0,41.2,10,9.7,10,0,113.4,116.4,102.60000000000001
164.8,1464.0,42.9,9,12.5,11,0,135.5,110.6,112.76666666666667
186.3,1668.9,44.0,8,14.0,12,0,164.8,113.4,124.83333333333333
201.2,1795.6,44.6,7,15.0,13,0,186.3,135.5,137.83333333333334
210.9,1877.5,45.0,7,15.6,14,0,201.2,164.8,151.96666666666667
210.0,1907.3,45.3,6,16.8,15,0,210.9,186.3,168.68333333333334
217.0,1952.1,45.0,7,16.7,16,0,210.0,201.2,184.78333333333333
223.1,1981.9,44.5,7,16.9,17,0,217.0,210.9,198.36666666666667
250.5,2093.6,43.7,7,16.6,18,0,223.1,210.0,208.08333333333334
231.0,1844.0,42.7,8,14.5,19,0,250.5,217.0,218.7833333333333
211.4,1691.3,42.0,9,13.3,20,0,231.0,223.1,223.75
198.4,1587.0,41.0,9,12.7,21,0,211.4,250.5,223.83333333333334
206.3,1676.4,40.0,9,11.7,22,0,198.4,231.0,221.9
235.6,1903.6,38.9,10,10.2,23,0,206.3,211.4,220.11666666666667
252.4,1981.9,37.7,11,9.0,0,1,235.6,198.4,222.20000000000002
241.2,1855.2,36.4,13,7.6,1,1,252.4,206.3,222.51666666666668
214.7,1628.0,35.3,14,7.0,2,1,241.2,235.6,224.2166666666667
186.7,1307.6,35.2,15,6.8,3,1,214.7,252.4,224.76666666666665
159.3,1061.7,34.3,15,6.5,4,1,186.7,241.2,222.81666666666663
128.5,758.1,33.5,17,5.3,5,1,159.3,214.7,214.98333333333332
105.7,555.1,33.3,17,5.2,6,1,128.5,186.7,197.13333333333333
98.7,530.9,34.7,15,4.4,7,1,105.7,159.3,172.6833333333333
99.7,638.9,36.2,13,7.2,8,1,98.7,128.5,148.93333333333334
116.9,946.2,37.8,12,8.2,9,1,99.7,105.7,129.76666666666668
129.9,1162.3,39.6,10,7.6,10,1,116.9,98.7,118.13333333333334
135.5,1240.5,41.4,9,7.1,11,1,129.9,99.7,113.23333333333333
134.6,1236.8,42.9,9,7.3,12,1,135.5,116.9,114.40000000000002
130.9,1207.0,43.8,8,8.7,13,1,134.6,129.9,119.21666666666668
127.1,1177.2,44.2,8,10.3,14,1,130.9,135.5,124.58333333333333
100.8,979.8,44.2,8,10.1,15,1,127.1,134.6,129.15
104.5,1024.5,44.1,8,11.0,16,1,100.8,130.9,126.46666666666665
108.3,1061.7,43.8,8,12.6,17,1,104.5,127.1,122.23333333333333
113.2,1102.7,42.9,9,12.6,18,1,108.3,100.8,117.7
132.2,1184.6,42.1,9,9.4,19,1,113.2,104.5,114.13333333333333
110.1,851.2,41.3,10,7.4,20,1,132.2,108.3,114.34999999999998
91.7,638.9,40.7,10,6.7,21,1,110.1,113.2,111.51666666666665
73.6,459.1,39.4,11,7.2,22,1,91.7,132.2,110.0
53.2,260.8,38.3,11,6.4,23,1,73.6,110.1,104.85000000000001
42.7,177.0,37.4,13,4.1,0,2,53.2,91.7,95.66666666666664
38.2,145.8,36.7,17,1.8,1,2,42.7,73.6,83.91666666666667
37.5,132.2,35.9,18,0.2,2,2,38.2,53.2,68.25
42.7,150.4,36.1,19,1.0,3,2,37.5,42.7,56.15
43.1,146.7,35.1,19,2.1,4,2,42.7,38.2,47.98333333333333
43.3,143.0,34.4,19,1.8,5,2,43.1,37.5,42.900000000000006
44.6,140.6,33.7,18,1.3,6,2,43.3,42.7,41.25
49.6,122.0,34.9,15,2.8,7,2,44.6,43.1,41.56666666666667
48.4,201.6,37.4,12,3.1,8,2,49.6,43.3,43.46666666666667
44.7,269.2,39.3,11,3.9,9,2,48.4,44.6,45.28333333333333
40.2,268.2,41.1,9,3.3,10,2,44.7,49.6,45.616666666666674
39.6,251.5,42.6,9,6.5,11,2,40.2,48.4,45.13333333333333
52.5,363.2,43.6,8,10.4,12,2,39.6,44.7,44.51666666666667
71.5,549.5,44.2,8,11.5,13,2,52.5,40.2,45.833333333333336
90.3,735.7,44.7,8,10.1,14,2,71.5,39.6,49.48333333333333
135.0,1240.5,45.3,8,13.2,15,2,90.3,52.5,56.46666666666667
132.2,1225.6,45.0,8,14.3,16,2,135.0,71.5,71.51666666666667
132.2,1233.1,44.5,8,13.0,17,2,132.2,90.3,86.84999999999998
133.2,1240.5,44.0,8,10.7,18,2,132.2,135.0,102.28333333333335
140.6,1203.3,43.2,9,6.7,19,2,133.2,132.2,115.73333333333333
107.8,758.1,42.2,9,5.6,20,2,140.6,132.2,127.25
87.8,549.5,41.4,10,5.3,21,2,107.8,133.2,130.16666666666666
92.4,646.3,40.1,11,5.2,22,2,87.8,140.6,122.3
122.0,1009.6,39.2,10,7.6,23,2,92.4,107.8,115.66666666666667
139.2,1192.1,37.9,12,5.8,0,3,122.0,87.8,113.96666666666665
116.9,944.4,37.0,13,4.6,1,3,139.2,92.4,114.96666666666665
73.8,488.0,36.3,17,2.3,2,3,116.9,122.0,111.01666666666665
32.8,146.2,36.4,19,1.1,3,3,73.8,139.2,105.35000000000001
30.4,128.1,35.3,17,3.2,4,3,32.8,116.9,96.18333333333332
27.8,113.2,34.6,15,4.5,5,3,30.4,73.8,85.84999999999998
33.6,183.9,33.9,15,5.9,6,3,27.8,32.8,70.14999999999999
90.3,754.4,34.9,14,4.7,7,3,33.6,30.4,52.550000000000004
109.7,916.4,37.0,12,5.0,8,3,90.3,27.8,48.11666666666667
109.7,1024.5,39.2,9,6.7,9,3,109.7,33.6,54.099999999999994
99.7,961.1,40.9,8,6.4,10,3,109.7,90.3,66.91666666666667
90.1,871.7,42.4,7,5.9,11,3,99.7,109.7,78.46666666666667
86.8,841.9,43.6,7,5.4,12,3,90.1,109.7,88.85000000000001
89.2,869.9,44.4,7,6.0,13,3,86.8,99.7,97.71666666666665
94.1,920.1,44.8,7,8.5,14,3,89.2,90.1,97.53333333333335
95.0,929.5,44.7,7,9.7,15,3,94.1,86.8,94.93333333333334
101.7,994.7,44.3,7,10.2,16,3,95.0,89.2,92.48333333333333
108.0,1050.5,43.8,7,11.0,17,3,101.7,94.1,92.81666666666666
117.3,1132.5,43.1,7,11.8,18,3,108.0,95.0,95.8
140.6,1240.5,42.1,8,10.3,19,3,117.3,101.7,100.88333333333333
126.7,1002.1,41.2,9,9.5,20,3,140.6,108.0,109.44999999999999
128.5,1013.3,40.1,9,10.6,21,3,126.7,117.3,114.88333333333334
139.7,1147.4,38.6,10,7.9,22,3,128.5,140.6,120.46666666666665
141.6,1162.3,37.7,11,6.5,23,3,139.7,126.7,126.8
128.5,1020.7,36.8,12,5.2,0,4,141.6,128.5,132.4
115.0,888.5,35.8,12,5.1,1,4,128.5,139.7,134.26666666666668
106.2,815.8,34.9,12,6.9,2,4,115.0,141.6,130.0
127.1,990.9,34.8,13,6.2,3,4,106.2,128.5,126.58333333333331
116.6,899.7,33.7,12,7.6,4,4,127.1,115.0,126.35000000000001
108.3,832.6,32.8,12,6.5,5,4,116.6,106.2,122.5
100.8,763.7,32.7,13,4.9,6,4,108.3,127.1,116.94999999999999
100.6,745.1,33.9,11,2.7,7,4,100.8,116.6,112.33333333333333
93.6,683.6,35.8,11,3.3,8,4,100.6,108.3,109.93333333333332
107.3,849.4,37.9,11,4.3,9,4,93.6,100.8,107.83333333333333
113.2,957.4,39.9,10,6.0,10,4,107.3,100.6,104.53333333333335
102.9,895.9,41.2,9,6.7,11,4,113.2,93.6,103.96666666666665
98.3,858.7,42.2,9,7.5,12,4,102.9,107.3,103.06666666666666
99.4,875.4,42.8,8,8.5,13,4,98.3,113.2,102.64999999999999
102.4,912.7,43.0,8,8.7,14,4,99.4,102.9,102.45
124.8,1143.7,43.0,8,8.6,15,4,102.4,98.3,103.91666666666667
122.9,1128.8,43.1,8,10.0,16,4,124.8,99.4,106.83333333333336
129.5,1195.8,42.6,8,13.0,17,4,122.9,102.4,108.45
139.7,1292.7,41.8,8,13.1,18,4,129.5,124.8,112.88333333333334
170.9,1519.9,40.4,9,16.3,19,4,139.7,122.9,119.78333333333335
171.4,1478.9,40.0,9,13.1,20,4,170.9,129.5,131.70000000000002
170.4,1449.1,39.4,9,13.3,21,4,171.4,139.7,143.20000000000002
160.2,1326.2,37.9,10,7.4,22,4,170.4,170.9,150.79999999999998
143.4,1128.8,36.7,11,7.9,23,4,160.2,171.4,157.01666666666668
